{"count":1,"self":98971.2482304,"total":148268.16053999998,"children":{"InitializeActuators":{"count":1,"self":0.002542,"total":0.002542,"children":null},"InitializeSensors":{"count":1,"self":0.004151,"total":0.004151,"children":null},"AgentSendState":{"count":5000050,"self":3105.5169536,"total":3504.0626549999997,"children":{"CollectObservations":{"count":5000050,"self":40.6529056,"total":40.652905,"children":null},"WriteActionMask":{"count":5000031,"self":9.189392,"total":9.189392,"children":null},"RequestDecision":{"count":5000031,"self":35.217913599999996,"total":348.70343199999996,"children":{"AgentInfo.ToProto":{"count":5000031,"self":33.918639999999996,"total":313.48552,"children":{"GenerateSensorData":{"count":5000031,"self":201.13314559999998,"total":279.56687999999997,"children":{"RayPerceptionSensor.Perceive":{"count":5000031,"self":78.433734399999992,"total":78.433732999999989,"children":null}}}}}}}}},"DecideAction":{"count":5000031,"self":45771.0862336,"total":45771.087305,"children":null},"AgentAct":{"count":5000031,"self":19.466848,"total":19.468092,"children":{"AgentInfo.ToProto":{"count":25,"self":0.000139,"total":0.0012439999999999999,"children":{"GenerateSensorData":{"count":25,"self":0.00071,"total":0.0011049999999999999,"children":{"RayPerceptionSensor.Perceive":{"count":25,"self":0.000395,"total":0.000395,"children":null}}}}}}},"AgentInfo.ToProto":{"count":32667,"self":0.35543199999999997,"total":2.284796,"children":{"GenerateSensorData":{"count":32667,"self":1.3591799999999998,"total":1.9293639999999999,"children":{"RayPerceptionSensor.Perceive":{"count":32667,"self":0.570184,"total":0.570184,"children":null}}}}}},"gauges":{"CharacterBehav.CumulativeReward":{"count":32692,"max":252.4593,"min":-2.00005,"runningAverage":25.559824,"value":18.4933147,"weightedAverage":50.817997}},"metadata":{"timer_format_version":"0.1.0","start_time_seconds":"1655191213","unity_version":"2021.3.2f1","command_line_arguments":"\/Applications\/Unity\/Hub\/Editor\/2021.3.2f1\/Unity.app\/Contents\/MacOS\/Unity -projectpath \/Users\/alexgiacomini\/Documents\/GitHub\/CGM-RedRunnerMLAgents\/RR-RL-master -useHub -hubIPC -cloudEnvironment production -licensingIpc LicenseClient-alexgiacomini -hubSessionId 647ee0a0-ea2c-11ec-a10e-99a7136e0d2b -accessToken meIoTqoJXCfO8Hyi4vs0EV_wASXBRVBKM16-rUC5WQo001f","communication_protocol_version":"1.5.0","com.unity.ml-agents_version":"2.0.1","scene_name":"Play","end_time_seconds":"1655339481"}}