{"count":1,"self":14703.470182399999,"total":17669.98787,"children":{"InitializeActuators":{"count":1,"self":0.002116,"total":0.002116,"children":null},"InitializeSensors":{"count":1,"self":0.0035789999999999997,"total":0.0035789999999999997,"children":null},"AgentSendState":{"count":502503,"self":226.0614144,"total":261.271074,"children":{"CollectObservations":{"count":502503,"self":4.2252752,"total":4.225275,"children":null},"WriteActionMask":{"count":502503,"self":0.96285899999999991,"total":0.96285899999999991,"children":null},"RequestDecision":{"count":502503,"self":3.5753768,"total":30.021521999999997,"children":{"AgentInfo.ToProto":{"count":502503,"self":3.285008,"total":26.446144999999998,"children":{"GenerateSensorData":{"count":502503,"self":17.230177599999998,"total":23.161137,"children":{"RayPerceptionSensor.Perceive":{"count":502503,"self":5.9309591999999993,"total":5.930959,"children":null}}}}}}}}},"DecideAction":{"count":502503,"self":2703.033344,"total":2703.03343,"children":null},"AgentAct":{"count":502503,"self":1.8576789999999999,"total":1.8576789999999999,"children":null},"AgentInfo.ToProto":{"count":5895,"self":0.066852,"total":0.348624,"children":{"GenerateSensorData":{"count":5895,"self":0.20185999999999998,"total":0.28177199999999997,"children":{"RayPerceptionSensor.Perceive":{"count":5895,"self":0.079912,"total":0.079912,"children":null}}}}}},"gauges":{"CharacterBehav.CumulativeReward":{"count":5895,"max":52.5858841,"min":-7.20740271,"runningAverage":3.13813519,"value":2.69634986,"weightedAverage":10.0344114}},"metadata":{"timer_format_version":"0.1.0","start_time_seconds":"1653983614","unity_version":"2021.3.2f1","command_line_arguments":"\/Applications\/Unity\/Hub\/Editor\/2021.3.2f1\/Unity.app\/Contents\/MacOS\/Unity -projectpath \/Users\/alexgiacomini\/Documents\/GitHub\/CGM-RedRunnerMLAgents\/RR-RL-master -useHub -hubIPC -cloudEnvironment production -licensingIpc LicenseClient-alexgiacomini -hubSessionId f55af730-e0b3-11ec-991c-e5e49ff51c41 -accessToken fWl_eqQpjM73ngcTdgoYmKr_srWk0H03wCBIdm1wRkM001f","communication_protocol_version":"1.5.0","com.unity.ml-agents_version":"2.0.1","scene_name":"Play","end_time_seconds":"1654001284"}}