{"count":1,"self":511.4564096,"total":538.749823,"children":{"InitializeActuators":{"count":1,"self":0.0023769999999999998,"total":0.0023769999999999998,"children":null},"InitializeSensors":{"count":1,"self":0.003865,"total":0.003865,"children":null},"AgentSendState":{"count":14110,"self":6.3697887999999994,"total":27.091614999999997,"children":{"CollectObservations":{"count":14110,"self":20.481790399999998,"total":20.48179,"children":null},"WriteActionMask":{"count":14110,"self":0.030102,"total":0.030102,"children":null},"RequestDecision":{"count":14110,"self":0.098878,"total":0.20993399999999998,"children":{"RayPerceptionSensor.Perceive":{"count":14110,"self":0.11105599999999999,"total":0.11105599999999999,"children":null}}}}},"DecideAction":{"count":14110,"self":0.16008799999999998,"total":0.16008799999999998,"children":null},"AgentAct":{"count":14110,"self":0.034558,"total":0.034578,"children":{"RayPerceptionSensor.Perceive":{"count":3,"self":1.9999999999999998E-05,"total":1.9999999999999998E-05,"children":null}}},"RayPerceptionSensor.Perceive":{"count":10,"self":0.00011999999999999999,"total":0.00011999999999999999,"children":null}},"gauges":{"CharacterBehav.CumulativeReward":{"count":13,"max":43.2044373,"min":8.682466,"runningAverage":22.9770851,"value":39.1474533,"weightedAverage":27.10672}},"metadata":{"timer_format_version":"0.1.0","start_time_seconds":"1654275181","unity_version":"2021.3.2f1","command_line_arguments":"\/Applications\/Unity\/Hub\/Editor\/2021.3.2f1\/Unity.app\/Contents\/MacOS\/Unity -projectpath \/Users\/alexgiacomini\/Documents\/GitHub\/CGM-RedRunnerMLAgents\/RR-RL-master -useHub -hubIPC -cloudEnvironment production -licensingIpc LicenseClient-myYyrxbmmhZkR4OwCps8Z -hubSessionId c561b2b0-e317-11ec-beb4-7bfea499275f -accessToken ef31k0HTFU1nyrWfdb6jevJJx4dcpaGABHzvI0aHOmo001f","communication_protocol_version":"1.5.0","com.unity.ml-agents_version":"2.0.1","scene_name":"Play","end_time_seconds":"1654275720"}}